I-A,3,gc
I-A,3,palIdx
I-A,3,length
I-A,3,AGC
I-A,3,ATA
I-A,3,CCC
I-A,3,CCG
I-A,3,CGA
I-A,3,CGC
I-A,3,CGG
I-A,3,CGT
I-A,3,CTC
I-A,3,GAG
I-A,3,GAT
I-A,3,GCC
I-A,3,GCG
I-A,3,GCT
I-A,3,GGA
I-A,3,GGG
I-A,3,GTC
I-A,3,GTG
I-A,3,TAG
I-A,3,TCC
I-A,3,TCG
I-A,3,TGC
I-A,3,TGG
I-A,3,AAA
I-A,3,AAC
I-A,3,AGA
I-A,3,CCT
I-A,3,GAA
I-A,3,AAT
I-A,3,ATC
I-A,3,ATT
I-A,3,CAT
I-A,3,GCA
I-A,3,GTT
I-A,3,TAA
I-A,3,TCA
I-A,3,TGT
I-A,3,TTA
I-A,3,TTC
I-A,3,TTG
I-A,3,TTT
I-A,3,ATG
I-A,3,CAG
I-A,3,CCA
I-A,3,TAT
I-A,3,TGA
I-A,3,AAG
I-A,3,CTA
I-A,3,CAA
I-A,3,ACA
I-A,3,AGG
I-A,3,CTT
I-A,3,GAC
I-A,3,TCT
I-A,3,ACC
I-A,3,TAC
I-A,3,AGT
I-A,3,CAC
I-A,3,GGT
I-A,3,ACG
I-A,3,CTG
I-A,3,GTA
I-A,3,ACT
I-A,3,GGC
I-A,3,TTY
I-A,3,TYT
I-A,3,YTT
I-A,3,CRG
I-A,3,GCR
I-A,3,RGG
I-A,3,CMG
I-A,3,GCM
I-A,3,MGG
I-A,3,GGK
I-A,3,GKK
I-A,3,KKT
I-A,3,KTG
I-A,3,CCY
I-A,3,CYC
I-A,3,YCT
I-B,3,gc
I-B,3,palIdx
I-B,3,length
I-B,3,AGC
I-B,3,ATA
I-B,3,CCC
I-B,3,CCG
I-B,3,CGA
I-B,3,CGC
I-B,3,CGG
I-B,3,CGT
I-B,3,CTC
I-B,3,GAG
I-B,3,GAT
I-B,3,GCC
I-B,3,GCG
I-B,3,GCT
I-B,3,GGA
I-B,3,GGG
I-B,3,GTC
I-B,3,GTG
I-B,3,TAG
I-B,3,TCC
I-B,3,TCG
I-B,3,TGC
I-B,3,TGG
I-B,3,AAA
I-B,3,AAC
I-B,3,AGA
I-B,3,CCT
I-B,3,GAA
I-B,3,AAT
I-B,3,ATC
I-B,3,ATT
I-B,3,CAT
I-B,3,GCA
I-B,3,GTT
I-B,3,TAA
I-B,3,TCA
I-B,3,TGT
I-B,3,TTA
I-B,3,TTC
I-B,3,TTG
I-B,3,TTT
I-B,3,ATG
I-B,3,CAG
I-B,3,CCA
I-B,3,TAT
I-B,3,TGA
I-B,3,AAG
I-B,3,CTA
I-B,3,CAA
I-B,3,ACA
I-B,3,AGG
I-B,3,CTT
I-B,3,GAC
I-B,3,TCT
I-B,3,ACC
I-B,3,TAC
I-B,3,AGT
I-B,3,CAC
I-B,3,GGT
I-B,3,ACG
I-B,3,CTG
I-B,3,GTA
I-B,3,ACT
I-B,3,GGC
I-B,3,TTY
I-B,3,TYT
I-B,3,YTT
I-B,3,CRG
I-B,3,GCR
I-B,3,RGG
I-B,3,CMG
I-B,3,GCM
I-B,3,MGG
I-B,3,GGK
I-B,3,GKK
I-B,3,KKT
I-B,3,KTG
I-B,3,CCY
I-B,3,CYC
I-B,3,YCT
I-C,3,gc
I-C,3,palIdx
I-C,3,length
I-C,3,AGC
I-C,3,ATA
I-C,3,CCC
I-C,3,CCG
I-C,3,CGA
I-C,3,CGC
I-C,3,CGG
I-C,3,CGT
I-C,3,CTC
I-C,3,GAG
I-C,3,GAT
I-C,3,GCC
I-C,3,GCG
I-C,3,GCT
I-C,3,GGA
I-C,3,GGG
I-C,3,GTC
I-C,3,GTG
I-C,3,TAG
I-C,3,TCC
I-C,3,TCG
I-C,3,TGC
I-C,3,TGG
I-C,3,AAA
I-C,3,AAC
I-C,3,AGA
I-C,3,CCT
I-C,3,GAA
I-C,3,AAT
I-C,3,ATC
I-C,3,ATT
I-C,3,CAT
I-C,3,GCA
I-C,3,GTT
I-C,3,TAA
I-C,3,TCA
I-C,3,TGT
I-C,3,TTA
I-C,3,TTC
I-C,3,TTG
I-C,3,TTT
I-C,3,ATG
I-C,3,CAG
I-C,3,CCA
I-C,3,TAT
I-C,3,TGA
I-C,3,AAG
I-C,3,CTA
I-C,3,CAA
I-C,3,ACA
I-C,3,AGG
I-C,3,CTT
I-C,3,GAC
I-C,3,TCT
I-C,3,ACC
I-C,3,TAC
I-C,3,AGT
I-C,3,CAC
I-C,3,GGT
I-C,3,ACG
I-C,3,CTG
I-C,3,GTA
I-C,3,ACT
I-C,3,GGC
I-C,3,TTY
I-C,3,TYT
I-C,3,YTT
I-C,3,CRG
I-C,3,GCR
I-C,3,RGG
I-C,3,CMG
I-C,3,GCM
I-C,3,MGG
I-C,3,GGK
I-C,3,GKK
I-C,3,KKT
I-C,3,KTG
I-C,3,CCY
I-C,3,CYC
I-C,3,YCT
I-D,3,gc
I-D,3,palIdx
I-D,3,length
I-D,3,AGC
I-D,3,ATA
I-D,3,CCC
I-D,3,CCG
I-D,3,CGA
I-D,3,CGC
I-D,3,CGG
I-D,3,CGT
I-D,3,CTC
I-D,3,GAG
I-D,3,GAT
I-D,3,GCC
I-D,3,GCG
I-D,3,GCT
I-D,3,GGA
I-D,3,GGG
I-D,3,GTC
I-D,3,GTG
I-D,3,TAG
I-D,3,TCC
I-D,3,TCG
I-D,3,TGC
I-D,3,TGG
I-D,3,AAA
I-D,3,AAC
I-D,3,AGA
I-D,3,CCT
I-D,3,GAA
I-D,3,AAT
I-D,3,ATC
I-D,3,ATT
I-D,3,CAT
I-D,3,GCA
I-D,3,GTT
I-D,3,TAA
I-D,3,TCA
I-D,3,TGT
I-D,3,TTA
I-D,3,TTC
I-D,3,TTG
I-D,3,TTT
I-D,3,ATG
I-D,3,CAG
I-D,3,CCA
I-D,3,TAT
I-D,3,TGA
I-D,3,AAG
I-D,3,CTA
I-D,3,CAA
I-D,3,ACA
I-D,3,AGG
I-D,3,CTT
I-D,3,GAC
I-D,3,TCT
I-D,3,ACC
I-D,3,TAC
I-D,3,AGT
I-D,3,CAC
I-D,3,GGT
I-D,3,ACG
I-D,3,CTG
I-D,3,GTA
I-D,3,ACT
I-D,3,GGC
I-D,3,TTY
I-D,3,TYT
I-D,3,YTT
I-D,3,CRG
I-D,3,GCR
I-D,3,RGG
I-D,3,CMG
I-D,3,GCM
I-D,3,MGG
I-D,3,GGK
I-D,3,GKK
I-D,3,KKT
I-D,3,KTG
I-D,3,CCY
I-D,3,CYC
I-D,3,YCT
I-E,3,gc
I-E,3,palIdx
I-E,3,length
I-E,3,AGC
I-E,3,ATA
I-E,3,CCC
I-E,3,CCG
I-E,3,CGA
I-E,3,CGC
I-E,3,CGG
I-E,3,CGT
I-E,3,CTC
I-E,3,GAG
I-E,3,GAT
I-E,3,GCC
I-E,3,GCG
I-E,3,GCT
I-E,3,GGA
I-E,3,GGG
I-E,3,GTC
I-E,3,GTG
I-E,3,TAG
I-E,3,TCC
I-E,3,TCG
I-E,3,TGC
I-E,3,TGG
I-E,3,AAA
I-E,3,AAC
I-E,3,AGA
I-E,3,CCT
I-E,3,GAA
I-E,3,AAT
I-E,3,ATC
I-E,3,ATT
I-E,3,CAT
I-E,3,GCA
I-E,3,GTT
I-E,3,TAA
I-E,3,TCA
I-E,3,TGT
I-E,3,TTA
I-E,3,TTC
I-E,3,TTG
I-E,3,TTT
I-E,3,ATG
I-E,3,CAG
I-E,3,CCA
I-E,3,TAT
I-E,3,TGA
I-E,3,AAG
I-E,3,CTA
I-E,3,CAA
I-E,3,ACA
I-E,3,AGG
I-E,3,CTT
I-E,3,GAC
I-E,3,TCT
I-E,3,ACC
I-E,3,TAC
I-E,3,AGT
I-E,3,CAC
I-E,3,GGT
I-E,3,ACG
I-E,3,CTG
I-E,3,GTA
I-E,3,ACT
I-E,3,GGC
I-E,3,TTY
I-E,3,TYT
I-E,3,YTT
I-E,3,CRG
I-E,3,GCR
I-E,3,RGG
I-E,3,CMG
I-E,3,GCM
I-E,3,MGG
I-E,3,GGK
I-E,3,GKK
I-E,3,KKT
I-E,3,KTG
I-E,3,CCY
I-E,3,CYC
I-E,3,YCT
I-F,3,gc
I-F,3,palIdx
I-F,3,length
I-F,3,AGC
I-F,3,ATA
I-F,3,CCC
I-F,3,CCG
I-F,3,CGA
I-F,3,CGC
I-F,3,CGG
I-F,3,CGT
I-F,3,CTC
I-F,3,GAG
I-F,3,GAT
I-F,3,GCC
I-F,3,GCG
I-F,3,GCT
I-F,3,GGA
I-F,3,GGG
I-F,3,GTC
I-F,3,GTG
I-F,3,TAG
I-F,3,TCC
I-F,3,TCG
I-F,3,TGC
I-F,3,TGG
I-F,3,AAA
I-F,3,AAC
I-F,3,AGA
I-F,3,CCT
I-F,3,GAA
I-F,3,AAT
I-F,3,ATC
I-F,3,ATT
I-F,3,CAT
I-F,3,GCA
I-F,3,GTT
I-F,3,TAA
I-F,3,TCA
I-F,3,TGT
I-F,3,TTA
I-F,3,TTC
I-F,3,TTG
I-F,3,TTT
I-F,3,ATG
I-F,3,CAG
I-F,3,CCA
I-F,3,TAT
I-F,3,TGA
I-F,3,AAG
I-F,3,CTA
I-F,3,CAA
I-F,3,ACA
I-F,3,AGG
I-F,3,CTT
I-F,3,GAC
I-F,3,TCT
I-F,3,ACC
I-F,3,TAC
I-F,3,AGT
I-F,3,CAC
I-F,3,GGT
I-F,3,ACG
I-F,3,CTG
I-F,3,GTA
I-F,3,ACT
I-F,3,GGC
I-F,3,TTY
I-F,3,TYT
I-F,3,YTT
I-F,3,CRG
I-F,3,GCR
I-F,3,RGG
I-F,3,CMG
I-F,3,GCM
I-F,3,MGG
I-F,3,GGK
I-F,3,GKK
I-F,3,KKT
I-F,3,KTG
I-F,3,CCY
I-F,3,CYC
I-F,3,YCT
I-U,3,gc
I-U,3,palIdx
I-U,3,length
I-U,3,AGC
I-U,3,ATA
I-U,3,CCC
I-U,3,CCG
I-U,3,CGA
I-U,3,CGC
I-U,3,CGG
I-U,3,CGT
I-U,3,CTC
I-U,3,GAG
I-U,3,GAT
I-U,3,GCC
I-U,3,GCG
I-U,3,GCT
I-U,3,GGA
I-U,3,GGG
I-U,3,GTC
I-U,3,GTG
I-U,3,TAG
I-U,3,TCC
I-U,3,TCG
I-U,3,TGC
I-U,3,TGG
I-U,3,AAA
I-U,3,AAC
I-U,3,AGA
I-U,3,CCT
I-U,3,GAA
I-U,3,AAT
I-U,3,ATC
I-U,3,ATT
I-U,3,CAT
I-U,3,GCA
I-U,3,GTT
I-U,3,TAA
I-U,3,TCA
I-U,3,TGT
I-U,3,TTA
I-U,3,TTC
I-U,3,TTG
I-U,3,TTT
I-U,3,ATG
I-U,3,CAG
I-U,3,CCA
I-U,3,TAT
I-U,3,TGA
I-U,3,AAG
I-U,3,CTA
I-U,3,CAA
I-U,3,ACA
I-U,3,AGG
I-U,3,CTT
I-U,3,GAC
I-U,3,TCT
I-U,3,ACC
I-U,3,TAC
I-U,3,AGT
I-U,3,CAC
I-U,3,GGT
I-U,3,ACG
I-U,3,CTG
I-U,3,GTA
I-U,3,ACT
I-U,3,GGC
I-U,3,TTY
I-U,3,TYT
I-U,3,YTT
I-U,3,CRG
I-U,3,GCR
I-U,3,RGG
I-U,3,CMG
I-U,3,GCM
I-U,3,MGG
I-U,3,GGK
I-U,3,GKK
I-U,3,KKT
I-U,3,KTG
I-U,3,CCY
I-U,3,CYC
I-U,3,YCT
II-A,3,gc
II-A,3,palIdx
II-A,3,length
II-A,3,AGC
II-A,3,ATA
II-A,3,CCC
II-A,3,CCG
II-A,3,CGA
II-A,3,CGC
II-A,3,CGG
II-A,3,CGT
II-A,3,CTC
II-A,3,GAG
II-A,3,GAT
II-A,3,GCC
II-A,3,GCG
II-A,3,GCT
II-A,3,GGA
II-A,3,GGG
II-A,3,GTC
II-A,3,GTG
II-A,3,TAG
II-A,3,TCC
II-A,3,TCG
II-A,3,TGC
II-A,3,TGG
II-A,3,AAA
II-A,3,AAC
II-A,3,AGA
II-A,3,CCT
II-A,3,GAA
II-A,3,AAT
II-A,3,ATC
II-A,3,ATT
II-A,3,CAT
II-A,3,GCA
II-A,3,GTT
II-A,3,TAA
II-A,3,TCA
II-A,3,TGT
II-A,3,TTA
II-A,3,TTC
II-A,3,TTG
II-A,3,TTT
II-A,3,ATG
II-A,3,CAG
II-A,3,CCA
II-A,3,TAT
II-A,3,TGA
II-A,3,AAG
II-A,3,CTA
II-A,3,CAA
II-A,3,ACA
II-A,3,AGG
II-A,3,CTT
II-A,3,GAC
II-A,3,TCT
II-A,3,ACC
II-A,3,TAC
II-A,3,AGT
II-A,3,CAC
II-A,3,GGT
II-A,3,ACG
II-A,3,CTG
II-A,3,GTA
II-A,3,ACT
II-A,3,GGC
II-A,3,TTY
II-A,3,TYT
II-A,3,YTT
II-A,3,CRG
II-A,3,GCR
II-A,3,RGG
II-A,3,CMG
II-A,3,GCM
II-A,3,MGG
II-A,3,GGK
II-A,3,GKK
II-A,3,KKT
II-A,3,KTG
II-A,3,CCY
II-A,3,CYC
II-A,3,YCT
II-B,3,gc
II-B,3,palIdx
II-B,3,length
II-B,3,AGC
II-B,3,ATA
II-B,3,CCC
II-B,3,CCG
II-B,3,CGA
II-B,3,CGC
II-B,3,CGG
II-B,3,CGT
II-B,3,CTC
II-B,3,GAG
II-B,3,GAT
II-B,3,GCC
II-B,3,GCG
II-B,3,GCT
II-B,3,GGA
II-B,3,GGG
II-B,3,GTC
II-B,3,GTG
II-B,3,TAG
II-B,3,TCC
II-B,3,TCG
II-B,3,TGC
II-B,3,TGG
II-B,3,AAA
II-B,3,AAC
II-B,3,AGA
II-B,3,CCT
II-B,3,GAA
II-B,3,AAT
II-B,3,ATC
II-B,3,ATT
II-B,3,CAT
II-B,3,GCA
II-B,3,GTT
II-B,3,TAA
II-B,3,TCA
II-B,3,TGT
II-B,3,TTA
II-B,3,TTC
II-B,3,TTG
II-B,3,TTT
II-B,3,ATG
II-B,3,CAG
II-B,3,CCA
II-B,3,TAT
II-B,3,TGA
II-B,3,AAG
II-B,3,CTA
II-B,3,CAA
II-B,3,ACA
II-B,3,AGG
II-B,3,CTT
II-B,3,GAC
II-B,3,TCT
II-B,3,ACC
II-B,3,TAC
II-B,3,AGT
II-B,3,CAC
II-B,3,GGT
II-B,3,ACG
II-B,3,CTG
II-B,3,GTA
II-B,3,ACT
II-B,3,GGC
II-B,3,TTY
II-B,3,TYT
II-B,3,YTT
II-B,3,CRG
II-B,3,GCR
II-B,3,RGG
II-B,3,CMG
II-B,3,GCM
II-B,3,MGG
II-B,3,GGK
II-B,3,GKK
II-B,3,KKT
II-B,3,KTG
II-B,3,CCY
II-B,3,CYC
II-B,3,YCT
II-C,3,gc
II-C,3,palIdx
II-C,3,length
II-C,3,AGC
II-C,3,ATA
II-C,3,CCC
II-C,3,CCG
II-C,3,CGA
II-C,3,CGC
II-C,3,CGG
II-C,3,CGT
II-C,3,CTC
II-C,3,GAG
II-C,3,GAT
II-C,3,GCC
II-C,3,GCG
II-C,3,GCT
II-C,3,GGA
II-C,3,GGG
II-C,3,GTC
II-C,3,GTG
II-C,3,TAG
II-C,3,TCC
II-C,3,TCG
II-C,3,TGC
II-C,3,TGG
II-C,3,AAA
II-C,3,AAC
II-C,3,AGA
II-C,3,CCT
II-C,3,GAA
II-C,3,AAT
II-C,3,ATC
II-C,3,ATT
II-C,3,CAT
II-C,3,GCA
II-C,3,GTT
II-C,3,TAA
II-C,3,TCA
II-C,3,TGT
II-C,3,TTA
II-C,3,TTC
II-C,3,TTG
II-C,3,TTT
II-C,3,ATG
II-C,3,CAG
II-C,3,CCA
II-C,3,TAT
II-C,3,TGA
II-C,3,AAG
II-C,3,CTA
II-C,3,CAA
II-C,3,ACA
II-C,3,AGG
II-C,3,CTT
II-C,3,GAC
II-C,3,TCT
II-C,3,ACC
II-C,3,TAC
II-C,3,AGT
II-C,3,CAC
II-C,3,GGT
II-C,3,ACG
II-C,3,CTG
II-C,3,GTA
II-C,3,ACT
II-C,3,GGC
II-C,3,TTY
II-C,3,TYT
II-C,3,YTT
II-C,3,CRG
II-C,3,GCR
II-C,3,RGG
II-C,3,CMG
II-C,3,GCM
II-C,3,MGG
II-C,3,GGK
II-C,3,GKK
II-C,3,KKT
II-C,3,KTG
II-C,3,CCY
II-C,3,CYC
II-C,3,YCT
III-A,3,gc
III-A,3,palIdx
III-A,3,length
III-A,3,AGC
III-A,3,ATA
III-A,3,CCC
III-A,3,CCG
III-A,3,CGA
III-A,3,CGC
III-A,3,CGG
III-A,3,CGT
III-A,3,CTC
III-A,3,GAG
III-A,3,GAT
III-A,3,GCC
III-A,3,GCG
III-A,3,GCT
III-A,3,GGA
III-A,3,GGG
III-A,3,GTC
III-A,3,GTG
III-A,3,TAG
III-A,3,TCC
III-A,3,TCG
III-A,3,TGC
III-A,3,TGG
III-A,3,AAA
III-A,3,AAC
III-A,3,AGA
III-A,3,CCT
III-A,3,GAA
III-A,3,AAT
III-A,3,ATC
III-A,3,ATT
III-A,3,CAT
III-A,3,GCA
III-A,3,GTT
III-A,3,TAA
III-A,3,TCA
III-A,3,TGT
III-A,3,TTA
III-A,3,TTC
III-A,3,TTG
III-A,3,TTT
III-A,3,ATG
III-A,3,CAG
III-A,3,CCA
III-A,3,TAT
III-A,3,TGA
III-A,3,AAG
III-A,3,CTA
III-A,3,CAA
III-A,3,ACA
III-A,3,AGG
III-A,3,CTT
III-A,3,GAC
III-A,3,TCT
III-A,3,ACC
III-A,3,TAC
III-A,3,AGT
III-A,3,CAC
III-A,3,GGT
III-A,3,ACG
III-A,3,CTG
III-A,3,GTA
III-A,3,ACT
III-A,3,GGC
III-A,3,TTY
III-A,3,TYT
III-A,3,YTT
III-A,3,CRG
III-A,3,GCR
III-A,3,RGG
III-A,3,CMG
III-A,3,GCM
III-A,3,MGG
III-A,3,GGK
III-A,3,GKK
III-A,3,KKT
III-A,3,KTG
III-A,3,CCY
III-A,3,CYC
III-A,3,YCT
III-B,3,gc
III-B,3,palIdx
III-B,3,length
III-B,3,AGC
III-B,3,ATA
III-B,3,CCC
III-B,3,CCG
III-B,3,CGA
III-B,3,CGC
III-B,3,CGG
III-B,3,CGT
III-B,3,CTC
III-B,3,GAG
III-B,3,GAT
III-B,3,GCC
III-B,3,GCG
III-B,3,GCT
III-B,3,GGA
III-B,3,GGG
III-B,3,GTC
III-B,3,GTG
III-B,3,TAG
III-B,3,TCC
III-B,3,TCG
III-B,3,TGC
III-B,3,TGG
III-B,3,AAA
III-B,3,AAC
III-B,3,AGA
III-B,3,CCT
III-B,3,GAA
III-B,3,AAT
III-B,3,ATC
III-B,3,ATT
III-B,3,CAT
III-B,3,GCA
III-B,3,GTT
III-B,3,TAA
III-B,3,TCA
III-B,3,TGT
III-B,3,TTA
III-B,3,TTC
III-B,3,TTG
III-B,3,TTT
III-B,3,ATG
III-B,3,CAG
III-B,3,CCA
III-B,3,TAT
III-B,3,TGA
III-B,3,AAG
III-B,3,CTA
III-B,3,CAA
III-B,3,ACA
III-B,3,AGG
III-B,3,CTT
III-B,3,GAC
III-B,3,TCT
III-B,3,ACC
III-B,3,TAC
III-B,3,AGT
III-B,3,CAC
III-B,3,GGT
III-B,3,ACG
III-B,3,CTG
III-B,3,GTA
III-B,3,ACT
III-B,3,GGC
III-B,3,TTY
III-B,3,TYT
III-B,3,YTT
III-B,3,CRG
III-B,3,GCR
III-B,3,RGG
III-B,3,CMG
III-B,3,GCM
III-B,3,MGG
III-B,3,GGK
III-B,3,GKK
III-B,3,KKT
III-B,3,KTG
III-B,3,CCY
III-B,3,CYC
III-B,3,YCT
III-C,3,gc
III-C,3,palIdx
III-C,3,length
III-C,3,AGC
III-C,3,ATA
III-C,3,CCC
III-C,3,CCG
III-C,3,CGA
III-C,3,CGC
III-C,3,CGG
III-C,3,CGT
III-C,3,CTC
III-C,3,GAG
III-C,3,GAT
III-C,3,GCC
III-C,3,GCG
III-C,3,GCT
III-C,3,GGA
III-C,3,GGG
III-C,3,GTC
III-C,3,GTG
III-C,3,TAG
III-C,3,TCC
III-C,3,TCG
III-C,3,TGC
III-C,3,TGG
III-C,3,AAA
III-C,3,AAC
III-C,3,AGA
III-C,3,CCT
III-C,3,GAA
III-C,3,AAT
III-C,3,ATC
III-C,3,ATT
III-C,3,CAT
III-C,3,GCA
III-C,3,GTT
III-C,3,TAA
III-C,3,TCA
III-C,3,TGT
III-C,3,TTA
III-C,3,TTC
III-C,3,TTG
III-C,3,TTT
III-C,3,ATG
III-C,3,CAG
III-C,3,CCA
III-C,3,TAT
III-C,3,TGA
III-C,3,AAG
III-C,3,CTA
III-C,3,CAA
III-C,3,ACA
III-C,3,AGG
III-C,3,CTT
III-C,3,GAC
III-C,3,TCT
III-C,3,ACC
III-C,3,TAC
III-C,3,AGT
III-C,3,CAC
III-C,3,GGT
III-C,3,ACG
III-C,3,CTG
III-C,3,GTA
III-C,3,ACT
III-C,3,GGC
III-C,3,TTY
III-C,3,TYT
III-C,3,YTT
III-C,3,CRG
III-C,3,GCR
III-C,3,RGG
III-C,3,CMG
III-C,3,GCM
III-C,3,MGG
III-C,3,GGK
III-C,3,GKK
III-C,3,KKT
III-C,3,KTG
III-C,3,CCY
III-C,3,CYC
III-C,3,YCT
III-D,3,gc
III-D,3,palIdx
III-D,3,length
III-D,3,AGC
III-D,3,ATA
III-D,3,CCC
III-D,3,CCG
III-D,3,CGA
III-D,3,CGC
III-D,3,CGG
III-D,3,CGT
III-D,3,CTC
III-D,3,GAG
III-D,3,GAT
III-D,3,GCC
III-D,3,GCG
III-D,3,GCT
III-D,3,GGA
III-D,3,GGG
III-D,3,GTC
III-D,3,GTG
III-D,3,TAG
III-D,3,TCC
III-D,3,TCG
III-D,3,TGC
III-D,3,TGG
III-D,3,AAA
III-D,3,AAC
III-D,3,AGA
III-D,3,CCT
III-D,3,GAA
III-D,3,AAT
III-D,3,ATC
III-D,3,ATT
III-D,3,CAT
III-D,3,GCA
III-D,3,GTT
III-D,3,TAA
III-D,3,TCA
III-D,3,TGT
III-D,3,TTA
III-D,3,TTC
III-D,3,TTG
III-D,3,TTT
III-D,3,ATG
III-D,3,CAG
III-D,3,CCA
III-D,3,TAT
III-D,3,TGA
III-D,3,AAG
III-D,3,CTA
III-D,3,CAA
III-D,3,ACA
III-D,3,AGG
III-D,3,CTT
III-D,3,GAC
III-D,3,TCT
III-D,3,ACC
III-D,3,TAC
III-D,3,AGT
III-D,3,CAC
III-D,3,GGT
III-D,3,ACG
III-D,3,CTG
III-D,3,GTA
III-D,3,ACT
III-D,3,GGC
III-D,3,TTY
III-D,3,TYT
III-D,3,YTT
III-D,3,CRG
III-D,3,GCR
III-D,3,RGG
III-D,3,CMG
III-D,3,GCM
III-D,3,MGG
III-D,3,GGK
III-D,3,GKK
III-D,3,KKT
III-D,3,KTG
III-D,3,CCY
III-D,3,CYC
III-D,3,YCT
IV-A,3,gc
IV-A,3,palIdx
IV-A,3,length
IV-A,3,AGC
IV-A,3,ATA
IV-A,3,CCC
IV-A,3,CCG
IV-A,3,CGA
IV-A,3,CGC
IV-A,3,CGG
IV-A,3,CGT
IV-A,3,CTC
IV-A,3,GAG
IV-A,3,GAT
IV-A,3,GCC
IV-A,3,GCG
IV-A,3,GCT
IV-A,3,GGA
IV-A,3,GGG
IV-A,3,GTC
IV-A,3,GTG
IV-A,3,TAG
IV-A,3,TCC
IV-A,3,TCG
IV-A,3,TGC
IV-A,3,TGG
IV-A,3,AAA
IV-A,3,AAC
IV-A,3,AGA
IV-A,3,CCT
IV-A,3,GAA
IV-A,3,AAT
IV-A,3,ATC
IV-A,3,ATT
IV-A,3,CAT
IV-A,3,GCA
IV-A,3,GTT
IV-A,3,TAA
IV-A,3,TCA
IV-A,3,TGT
IV-A,3,TTA
IV-A,3,TTC
IV-A,3,TTG
IV-A,3,TTT
IV-A,3,ATG
IV-A,3,CAG
IV-A,3,CCA
IV-A,3,TAT
IV-A,3,TGA
IV-A,3,AAG
IV-A,3,CTA
IV-A,3,CAA
IV-A,3,ACA
IV-A,3,AGG
IV-A,3,CTT
IV-A,3,GAC
IV-A,3,TCT
IV-A,3,ACC
IV-A,3,TAC
IV-A,3,AGT
IV-A,3,CAC
IV-A,3,GGT
IV-A,3,ACG
IV-A,3,CTG
IV-A,3,GTA
IV-A,3,ACT
IV-A,3,GGC
IV-A,3,TTY
IV-A,3,TYT
IV-A,3,YTT
IV-A,3,CRG
IV-A,3,GCR
IV-A,3,RGG
IV-A,3,CMG
IV-A,3,GCM
IV-A,3,MGG
IV-A,3,GGK
IV-A,3,GKK
IV-A,3,KKT
IV-A,3,KTG
IV-A,3,CCY
IV-A,3,CYC
IV-A,3,YCT
V-A,3,gc
V-A,3,palIdx
V-A,3,length
V-A,3,AGC
V-A,3,ATA
V-A,3,CCC
V-A,3,CCG
V-A,3,CGA
V-A,3,CGC
V-A,3,CGG
V-A,3,CGT
V-A,3,CTC
V-A,3,GAG
V-A,3,GAT
V-A,3,GCC
V-A,3,GCG
V-A,3,GCT
V-A,3,GGA
V-A,3,GGG
V-A,3,GTC
V-A,3,GTG
V-A,3,TAG
V-A,3,TCC
V-A,3,TCG
V-A,3,TGC
V-A,3,TGG
V-A,3,AAA
V-A,3,AAC
V-A,3,AGA
V-A,3,CCT
V-A,3,GAA
V-A,3,AAT
V-A,3,ATC
V-A,3,ATT
V-A,3,CAT
V-A,3,GCA
V-A,3,GTT
V-A,3,TAA
V-A,3,TCA
V-A,3,TGT
V-A,3,TTA
V-A,3,TTC
V-A,3,TTG
V-A,3,TTT
V-A,3,ATG
V-A,3,CAG
V-A,3,CCA
V-A,3,TAT
V-A,3,TGA
V-A,3,AAG
V-A,3,CTA
V-A,3,CAA
V-A,3,ACA
V-A,3,AGG
V-A,3,CTT
V-A,3,GAC
V-A,3,TCT
V-A,3,ACC
V-A,3,TAC
V-A,3,AGT
V-A,3,CAC
V-A,3,GGT
V-A,3,ACG
V-A,3,CTG
V-A,3,GTA
V-A,3,ACT
V-A,3,GGC
V-A,3,TTY
V-A,3,TYT
V-A,3,YTT
V-A,3,CRG
V-A,3,GCR
V-A,3,RGG
V-A,3,CMG
V-A,3,GCM
V-A,3,MGG
V-A,3,GGK
V-A,3,GKK
V-A,3,KKT
V-A,3,KTG
V-A,3,CCY
V-A,3,CYC
V-A,3,YCT
V-B2,3,gc
V-B2,3,palIdx
V-B2,3,length
V-B2,3,AGC
V-B2,3,ATA
V-B2,3,CCC
V-B2,3,CCG
V-B2,3,CGA
V-B2,3,CGC
V-B2,3,CGG
V-B2,3,CGT
V-B2,3,CTC
V-B2,3,GAG
V-B2,3,GAT
V-B2,3,GCC
V-B2,3,GCG
V-B2,3,GCT
V-B2,3,GGA
V-B2,3,GGG
V-B2,3,GTC
V-B2,3,GTG
V-B2,3,TAG
V-B2,3,TCC
V-B2,3,TCG
V-B2,3,TGC
V-B2,3,TGG
V-B2,3,AAA
V-B2,3,AAC
V-B2,3,AGA
V-B2,3,CCT
V-B2,3,GAA
V-B2,3,AAT
V-B2,3,ATC
V-B2,3,ATT
V-B2,3,CAT
V-B2,3,GCA
V-B2,3,GTT
V-B2,3,TAA
V-B2,3,TCA
V-B2,3,TGT
V-B2,3,TTA
V-B2,3,TTC
V-B2,3,TTG
V-B2,3,TTT
V-B2,3,ATG
V-B2,3,CAG
V-B2,3,CCA
V-B2,3,TAT
V-B2,3,TGA
V-B2,3,AAG
V-B2,3,CTA
V-B2,3,CAA
V-B2,3,ACA
V-B2,3,AGG
V-B2,3,CTT
V-B2,3,GAC
V-B2,3,TCT
V-B2,3,ACC
V-B2,3,TAC
V-B2,3,AGT
V-B2,3,CAC
V-B2,3,GGT
V-B2,3,ACG
V-B2,3,CTG
V-B2,3,GTA
V-B2,3,ACT
V-B2,3,GGC
V-B2,3,TTY
V-B2,3,TYT
V-B2,3,YTT
V-B2,3,CRG
V-B2,3,GCR
V-B2,3,RGG
V-B2,3,CMG
V-B2,3,GCM
V-B2,3,MGG
V-B2,3,GGK
V-B2,3,GKK
V-B2,3,KKT
V-B2,3,KTG
V-B2,3,CCY
V-B2,3,CYC
V-B2,3,YCT
V-F,3,gc
V-F,3,palIdx
V-F,3,length
V-F,3,AGC
V-F,3,ATA
V-F,3,CCC
V-F,3,CCG
V-F,3,CGA
V-F,3,CGC
V-F,3,CGG
V-F,3,CGT
V-F,3,CTC
V-F,3,GAG
V-F,3,GAT
V-F,3,GCC
V-F,3,GCG
V-F,3,GCT
V-F,3,GGA
V-F,3,GGG
V-F,3,GTC
V-F,3,GTG
V-F,3,TAG
V-F,3,TCC
V-F,3,TCG
V-F,3,TGC
V-F,3,TGG
V-F,3,AAA
V-F,3,AAC
V-F,3,AGA
V-F,3,CCT
V-F,3,GAA
V-F,3,AAT
V-F,3,ATC
V-F,3,ATT
V-F,3,CAT
V-F,3,GCA
V-F,3,GTT
V-F,3,TAA
V-F,3,TCA
V-F,3,TGT
V-F,3,TTA
V-F,3,TTC
V-F,3,TTG
V-F,3,TTT
V-F,3,ATG
V-F,3,CAG
V-F,3,CCA
V-F,3,TAT
V-F,3,TGA
V-F,3,AAG
V-F,3,CTA
V-F,3,CAA
V-F,3,ACA
V-F,3,AGG
V-F,3,CTT
V-F,3,GAC
V-F,3,TCT
V-F,3,ACC
V-F,3,TAC
V-F,3,AGT
V-F,3,CAC
V-F,3,GGT
V-F,3,ACG
V-F,3,CTG
V-F,3,GTA
V-F,3,ACT
V-F,3,GGC
V-F,3,TTY
V-F,3,TYT
V-F,3,YTT
V-F,3,CRG
V-F,3,GCR
V-F,3,RGG
V-F,3,CMG
V-F,3,GCM
V-F,3,MGG
V-F,3,GGK
V-F,3,GKK
V-F,3,KKT
V-F,3,KTG
V-F,3,CCY
V-F,3,CYC
V-F,3,YCT
V-J,3,gc
V-J,3,palIdx
V-J,3,length
V-J,3,AGC
V-J,3,ATA
V-J,3,CCC
V-J,3,CCG
V-J,3,CGA
V-J,3,CGC
V-J,3,CGG
V-J,3,CGT
V-J,3,CTC
V-J,3,GAG
V-J,3,GAT
V-J,3,GCC
V-J,3,GCG
V-J,3,GCT
V-J,3,GGA
V-J,3,GGG
V-J,3,GTC
V-J,3,GTG
V-J,3,TAG
V-J,3,TCC
V-J,3,TCG
V-J,3,TGC
V-J,3,TGG
V-J,3,AAA
V-J,3,AAC
V-J,3,AGA
V-J,3,CCT
V-J,3,GAA
V-J,3,AAT
V-J,3,ATC
V-J,3,ATT
V-J,3,CAT
V-J,3,GCA
V-J,3,GTT
V-J,3,TAA
V-J,3,TCA
V-J,3,TGT
V-J,3,TTA
V-J,3,TTC
V-J,3,TTG
V-J,3,TTT
V-J,3,ATG
V-J,3,CAG
V-J,3,CCA
V-J,3,TAT
V-J,3,TGA
V-J,3,AAG
V-J,3,CTA
V-J,3,CAA
V-J,3,ACA
V-J,3,AGG
V-J,3,CTT
V-J,3,GAC
V-J,3,TCT
V-J,3,ACC
V-J,3,TAC
V-J,3,AGT
V-J,3,CAC
V-J,3,GGT
V-J,3,ACG
V-J,3,CTG
V-J,3,GTA
V-J,3,ACT
V-J,3,GGC
V-J,3,TTY
V-J,3,TYT
V-J,3,YTT
V-J,3,CRG
V-J,3,GCR
V-J,3,RGG
V-J,3,CMG
V-J,3,GCM
V-J,3,MGG
V-J,3,GGK
V-J,3,GKK
V-J,3,KKT
V-J,3,KTG
V-J,3,CCY
V-J,3,CYC
V-J,3,YCT
V-U1,3,gc
V-U1,3,palIdx
V-U1,3,length
V-U1,3,AGC
V-U1,3,ATA
V-U1,3,CCC
V-U1,3,CCG
V-U1,3,CGA
V-U1,3,CGC
V-U1,3,CGG
V-U1,3,CGT
V-U1,3,CTC
V-U1,3,GAG
V-U1,3,GAT
V-U1,3,GCC
V-U1,3,GCG
V-U1,3,GCT
V-U1,3,GGA
V-U1,3,GGG
V-U1,3,GTC
V-U1,3,GTG
V-U1,3,TAG
V-U1,3,TCC
V-U1,3,TCG
V-U1,3,TGC
V-U1,3,TGG
V-U1,3,AAA
V-U1,3,AAC
V-U1,3,AGA
V-U1,3,CCT
V-U1,3,GAA
V-U1,3,AAT
V-U1,3,ATC
V-U1,3,ATT
V-U1,3,CAT
V-U1,3,GCA
V-U1,3,GTT
V-U1,3,TAA
V-U1,3,TCA
V-U1,3,TGT
V-U1,3,TTA
V-U1,3,TTC
V-U1,3,TTG
V-U1,3,TTT
V-U1,3,ATG
V-U1,3,CAG
V-U1,3,CCA
V-U1,3,TAT
V-U1,3,TGA
V-U1,3,AAG
V-U1,3,CTA
V-U1,3,CAA
V-U1,3,ACA
V-U1,3,AGG
V-U1,3,CTT
V-U1,3,GAC
V-U1,3,TCT
V-U1,3,ACC
V-U1,3,TAC
V-U1,3,AGT
V-U1,3,CAC
V-U1,3,GGT
V-U1,3,ACG
V-U1,3,CTG
V-U1,3,GTA
V-U1,3,ACT
V-U1,3,GGC
V-U1,3,TTY
V-U1,3,TYT
V-U1,3,YTT
V-U1,3,CRG
V-U1,3,GCR
V-U1,3,RGG
V-U1,3,CMG
V-U1,3,GCM
V-U1,3,MGG
V-U1,3,GGK
V-U1,3,GKK
V-U1,3,KKT
V-U1,3,KTG
V-U1,3,CCY
V-U1,3,CYC
V-U1,3,YCT
V-U2,3,gc
V-U2,3,palIdx
V-U2,3,length
V-U2,3,AGC
V-U2,3,ATA
V-U2,3,CCC
V-U2,3,CCG
V-U2,3,CGA
V-U2,3,CGC
V-U2,3,CGG
V-U2,3,CGT
V-U2,3,CTC
V-U2,3,GAG
V-U2,3,GAT
V-U2,3,GCC
V-U2,3,GCG
V-U2,3,GCT
V-U2,3,GGA
V-U2,3,GGG
V-U2,3,GTC
V-U2,3,GTG
V-U2,3,TAG
V-U2,3,TCC
V-U2,3,TCG
V-U2,3,TGC
V-U2,3,TGG
V-U2,3,AAA
V-U2,3,AAC
V-U2,3,AGA
V-U2,3,CCT
V-U2,3,GAA
V-U2,3,AAT
V-U2,3,ATC
V-U2,3,ATT
V-U2,3,CAT
V-U2,3,GCA
V-U2,3,GTT
V-U2,3,TAA
V-U2,3,TCA
V-U2,3,TGT
V-U2,3,TTA
V-U2,3,TTC
V-U2,3,TTG
V-U2,3,TTT
V-U2,3,ATG
V-U2,3,CAG
V-U2,3,CCA
V-U2,3,TAT
V-U2,3,TGA
V-U2,3,AAG
V-U2,3,CTA
V-U2,3,CAA
V-U2,3,ACA
V-U2,3,AGG
V-U2,3,CTT
V-U2,3,GAC
V-U2,3,TCT
V-U2,3,ACC
V-U2,3,TAC
V-U2,3,AGT
V-U2,3,CAC
V-U2,3,GGT
V-U2,3,ACG
V-U2,3,CTG
V-U2,3,GTA
V-U2,3,ACT
V-U2,3,GGC
V-U2,3,TTY
V-U2,3,TYT
V-U2,3,YTT
V-U2,3,CRG
V-U2,3,GCR
V-U2,3,RGG
V-U2,3,CMG
V-U2,3,GCM
V-U2,3,MGG
V-U2,3,GGK
V-U2,3,GKK
V-U2,3,KKT
V-U2,3,KTG
V-U2,3,CCY
V-U2,3,CYC
V-U2,3,YCT
V-U4,3,gc
V-U4,3,palIdx
V-U4,3,length
V-U4,3,AGC
V-U4,3,ATA
V-U4,3,CCC
V-U4,3,CCG
V-U4,3,CGA
V-U4,3,CGC
V-U4,3,CGG
V-U4,3,CGT
V-U4,3,CTC
V-U4,3,GAG
V-U4,3,GAT
V-U4,3,GCC
V-U4,3,GCG
V-U4,3,GCT
V-U4,3,GGA
V-U4,3,GGG
V-U4,3,GTC
V-U4,3,GTG
V-U4,3,TAG
V-U4,3,TCC
V-U4,3,TCG
V-U4,3,TGC
V-U4,3,TGG
V-U4,3,AAA
V-U4,3,AAC
V-U4,3,AGA
V-U4,3,CCT
V-U4,3,GAA
V-U4,3,AAT
V-U4,3,ATC
V-U4,3,ATT
V-U4,3,CAT
V-U4,3,GCA
V-U4,3,GTT
V-U4,3,TAA
V-U4,3,TCA
V-U4,3,TGT
V-U4,3,TTA
V-U4,3,TTC
V-U4,3,TTG
V-U4,3,TTT
V-U4,3,ATG
V-U4,3,CAG
V-U4,3,CCA
V-U4,3,TAT
V-U4,3,TGA
V-U4,3,AAG
V-U4,3,CTA
V-U4,3,CAA
V-U4,3,ACA
V-U4,3,AGG
V-U4,3,CTT
V-U4,3,GAC
V-U4,3,TCT
V-U4,3,ACC
V-U4,3,TAC
V-U4,3,AGT
V-U4,3,CAC
V-U4,3,GGT
V-U4,3,ACG
V-U4,3,CTG
V-U4,3,GTA
V-U4,3,ACT
V-U4,3,GGC
V-U4,3,TTY
V-U4,3,TYT
V-U4,3,YTT
V-U4,3,CRG
V-U4,3,GCR
V-U4,3,RGG
V-U4,3,CMG
V-U4,3,GCM
V-U4,3,MGG
V-U4,3,GGK
V-U4,3,GKK
V-U4,3,KKT
V-U4,3,KTG
V-U4,3,CCY
V-U4,3,CYC
V-U4,3,YCT
VI-A,3,gc
VI-A,3,palIdx
VI-A,3,length
VI-A,3,AGC
VI-A,3,ATA
VI-A,3,CCC
VI-A,3,CCG
VI-A,3,CGA
VI-A,3,CGC
VI-A,3,CGG
VI-A,3,CGT
VI-A,3,CTC
VI-A,3,GAG
VI-A,3,GAT
VI-A,3,GCC
VI-A,3,GCG
VI-A,3,GCT
VI-A,3,GGA
VI-A,3,GGG
VI-A,3,GTC
VI-A,3,GTG
VI-A,3,TAG
VI-A,3,TCC
VI-A,3,TCG
VI-A,3,TGC
VI-A,3,TGG
VI-A,3,AAA
VI-A,3,AAC
VI-A,3,AGA
VI-A,3,CCT
VI-A,3,GAA
VI-A,3,AAT
VI-A,3,ATC
VI-A,3,ATT
VI-A,3,CAT
VI-A,3,GCA
VI-A,3,GTT
VI-A,3,TAA
VI-A,3,TCA
VI-A,3,TGT
VI-A,3,TTA
VI-A,3,TTC
VI-A,3,TTG
VI-A,3,TTT
VI-A,3,ATG
VI-A,3,CAG
VI-A,3,CCA
VI-A,3,TAT
VI-A,3,TGA
VI-A,3,AAG
VI-A,3,CTA
VI-A,3,CAA
VI-A,3,ACA
VI-A,3,AGG
VI-A,3,CTT
VI-A,3,GAC
VI-A,3,TCT
VI-A,3,ACC
VI-A,3,TAC
VI-A,3,AGT
VI-A,3,CAC
VI-A,3,GGT
VI-A,3,ACG
VI-A,3,CTG
VI-A,3,GTA
VI-A,3,ACT
VI-A,3,GGC
VI-A,3,TTY
VI-A,3,TYT
VI-A,3,YTT
VI-A,3,CRG
VI-A,3,GCR
VI-A,3,RGG
VI-A,3,CMG
VI-A,3,GCM
VI-A,3,MGG
VI-A,3,GGK
VI-A,3,GKK
VI-A,3,KKT
VI-A,3,KTG
VI-A,3,CCY
VI-A,3,CYC
VI-A,3,YCT
VI-B,3,gc
VI-B,3,palIdx
VI-B,3,length
VI-B,3,AGC
VI-B,3,ATA
VI-B,3,CCC
VI-B,3,CCG
VI-B,3,CGA
VI-B,3,CGC
VI-B,3,CGG
VI-B,3,CGT
VI-B,3,CTC
VI-B,3,GAG
VI-B,3,GAT
VI-B,3,GCC
VI-B,3,GCG
VI-B,3,GCT
VI-B,3,GGA
VI-B,3,GGG
VI-B,3,GTC
VI-B,3,GTG
VI-B,3,TAG
VI-B,3,TCC
VI-B,3,TCG
VI-B,3,TGC
VI-B,3,TGG
VI-B,3,AAA
VI-B,3,AAC
VI-B,3,AGA
VI-B,3,CCT
VI-B,3,GAA
VI-B,3,AAT
VI-B,3,ATC
VI-B,3,ATT
VI-B,3,CAT
VI-B,3,GCA
VI-B,3,GTT
VI-B,3,TAA
VI-B,3,TCA
VI-B,3,TGT
VI-B,3,TTA
VI-B,3,TTC
VI-B,3,TTG
VI-B,3,TTT
VI-B,3,ATG
VI-B,3,CAG
VI-B,3,CCA
VI-B,3,TAT
VI-B,3,TGA
VI-B,3,AAG
VI-B,3,CTA
VI-B,3,CAA
VI-B,3,ACA
VI-B,3,AGG
VI-B,3,CTT
VI-B,3,GAC
VI-B,3,TCT
VI-B,3,ACC
VI-B,3,TAC
VI-B,3,AGT
VI-B,3,CAC
VI-B,3,GGT
VI-B,3,ACG
VI-B,3,CTG
VI-B,3,GTA
VI-B,3,ACT
VI-B,3,GGC
VI-B,3,TTY
VI-B,3,TYT
VI-B,3,YTT
VI-B,3,CRG
VI-B,3,GCR
VI-B,3,RGG
VI-B,3,CMG
VI-B,3,GCM
VI-B,3,MGG
VI-B,3,GGK
VI-B,3,GKK
VI-B,3,KKT
VI-B,3,KTG
VI-B,3,CCY
VI-B,3,CYC
VI-B,3,YCT
